-- ### SPONSORS SEED ### --
-- Last updated: 2023-07-10
INSERT INTO sponsors (first_name, last_name, middle_name, party, profile_link) VALUES
	('PATRICK', 'HARKINS', 'J.', 'D', 'https://www.legis.state.pa.us/cfdocs/legis/home/member_information/House_bio.cfm?id=1081'),
	('ROBERT', 'MERSKI', 'E.', 'D', 'https://www.legis.state.pa.us/cfdocs/legis/home/member_information/House_bio.cfm?id=1822'),
	('RYAN', 'BIZZARRO', 'A.', 'D', 'https://www.legis.state.pa.us/cfdocs/legis/home/member_information/House_bio.cfm?id=1619'),
	('JACOB', 'BANTA', 'D.', 'R', 'https://www.legis.state.pa.us/cfdocs/legis/home/member_information/House_bio.cfm?id=1937'),
	('BARRY', 'JOZWIAK', 'J.', 'R', 'https://www.legis.state.pa.us/cfdocs/legis/home/member_information/House_bio.cfm?id=1692'),
	('BRAD', 'ROAE', NULL, 'R', 'https://www.legis.state.pa.us/cfdocs/legis/home/member_information/House_bio.cfm?id=1083'),
	('PARKE', 'WENTLING', NULL, 'R', 'https://www.legis.state.pa.us/cfdocs/legis/home/member_information/House_bio.cfm?id=1709'),
	('AARON', 'BERNSTINE', NULL, 'R', 'https://www.legis.state.pa.us/cfdocs/legis/home/member_information/House_bio.cfm?id=1742'),
	('MARLA', 'BROWN', NULL, 'R', 'https://www.legis.state.pa.us/cfdocs/legis/home/member_information/House_bio.cfm?id=1938'),
	('AMEN', 'BROWN', NULL, 'D', 'https://www.legis.state.pa.us/cfdocs/legis/home/member_information/House_bio.cfm?id=1919'),
	('MARCI', 'MUSTELLO', NULL, 'R', 'https://www.legis.state.pa.us/cfdocs/legis/home/member_information/House_bio.cfm?id=1868'),
	('STEPHENIE', 'SCIALABBA', NULL, 'R', 'https://www.legis.state.pa.us/cfdocs/legis/home/member_information/House_bio.cfm?id=1939'),
	('JOHN', 'LAWRENCE', 'A.', 'R', 'https://www.legis.state.pa.us/cfdocs/legis/home/member_information/House_bio.cfm?id=1215'),
	('JIM', 'MARSHALL', NULL, 'R', 'https://www.legis.state.pa.us/cfdocs/legis/home/member_information/House_bio.cfm?id=1086'),
	('JOSHUA', 'KAIL', 'D.', 'R', 'https://www.legis.state.pa.us/cfdocs/legis/home/member_information/House_bio.cfm?id=1823'),
	('ROBERT', 'MATZIE', 'F.', 'D', 'https://www.legis.state.pa.us/cfdocs/legis/home/member_information/House_bio.cfm?id=1173'),
	('TIMOTHY', 'BONNER', 'R.', 'R', 'https://www.legis.state.pa.us/cfdocs/legis/home/member_information/House_bio.cfm?id=1877'),
	('KATHLEEN', 'TOMLINSON', 'C.', 'R', 'https://www.legis.state.pa.us/cfdocs/legis/home/member_information/House_bio.cfm?id=1876'),
	('AERION', 'ABNEY', NULL, 'D', 'https://www.legis.state.pa.us/cfdocs/legis/home/member_information/House_bio.cfm?id=1933'),
	('EMILY', 'KINKEAD', NULL, 'D', 'https://www.legis.state.pa.us/cfdocs/legis/home/member_information/House_bio.cfm?id=1896'),
	('SARA', 'INNAMORATO', NULL, 'D', 'https://www.legis.state.pa.us/cfdocs/legis/home/member_information/House_bio.cfm?id=1824'),
	('JOSHUA', 'SIEGEL', NULL, 'D', 'https://www.legis.state.pa.us/cfdocs/legis/home/member_information/House_bio.cfm?id=1940'),
	('DAN', 'FRANKEL', NULL, 'D', 'https://www.legis.state.pa.us/cfdocs/legis/home/member_information/House_bio.cfm?id=84'),
	('LA''TASHA', 'MAYES', 'D.', 'D', 'https://www.legis.state.pa.us/cfdocs/legis/home/member_information/House_bio.cfm?id=1941'),
	('BRANDON', 'MARKOSEK', 'J.', 'D', 'https://www.legis.state.pa.us/cfdocs/legis/home/member_information/House_bio.cfm?id=1825'),
	('PAUL', 'FRIEL', NULL, 'D', 'https://www.legis.state.pa.us/cfdocs/legis/home/member_information/House_bio.cfm?id=1942'),
	('DANIEL', 'DEASY', 'J.', 'D', 'https://www.legis.state.pa.us/cfdocs/legis/home/member_information/House_bio.cfm?id=1166'),
	('ROBERT', 'MERCURI', 'W.', 'R', 'https://www.legis.state.pa.us/cfdocs/legis/home/member_information/House_bio.cfm?id=1897'),
	('TIM', 'BRENNAN', NULL, 'D', 'https://www.legis.state.pa.us/cfdocs/legis/home/member_information/House_bio.cfm?id=1943'),
	('ARVIND', 'VENKAT', NULL, 'D', 'https://www.legis.state.pa.us/cfdocs/legis/home/member_information/House_bio.cfm?id=1944'),
	('PERRY', 'WARREN', 'S.', 'D', 'https://www.legis.state.pa.us/cfdocs/legis/home/member_information/House_bio.cfm?id=1743'),
	('JOE', 'MCANDREW', NULL, 'D', 'https://www.legis.state.pa.us/cfdocs/legis/home/member_information/House_bio.cfm?id=2011'),
	('MANDY', 'STEELE', NULL, 'D', 'https://www.legis.state.pa.us/cfdocs/legis/home/member_information/House_bio.cfm?id=1945'),
	('ABIGAIL', 'SALISBURY', NULL, 'D', 'https://www.legis.state.pa.us/cfdocs/legis/home/member_information/House_bio.cfm?id=2012'),
	('MATTHEW', 'GERGELY', NULL, 'D', 'https://www.legis.state.pa.us/cfdocs/legis/home/member_information/House_bio.cfm?id=2013'),
	('JESSICA', 'BENHAM', NULL, 'D', 'https://www.legis.state.pa.us/cfdocs/legis/home/member_information/House_bio.cfm?id=1899'),
	('MINDY', 'FEE', NULL, 'R', 'https://www.legis.state.pa.us/cfdocs/legis/home/member_information/House_bio.cfm?id=1625'),
	('NICK', 'PISCIOTTANO', NULL, 'D', 'https://www.legis.state.pa.us/cfdocs/legis/home/member_information/House_bio.cfm?id=1900'),
	('ANDREW', 'KUZMA', NULL, 'R', 'https://www.legis.state.pa.us/cfdocs/legis/home/member_information/House_bio.cfm?id=1946'),
	('NATALIE', 'MIHALEK', NULL, 'R', 'https://www.legis.state.pa.us/cfdocs/legis/home/member_information/House_bio.cfm?id=1830'),
	('BRETT', 'MILLER', 'R.', 'R', 'https://www.legis.state.pa.us/cfdocs/legis/home/member_information/House_bio.cfm?id=1699'),
	('DAN', 'MILLER', 'L.', 'D', 'https://www.legis.state.pa.us/cfdocs/legis/home/member_information/House_bio.cfm?id=1679'),
	('KEITH', 'GREINER', 'J.', 'R', 'https://www.legis.state.pa.us/cfdocs/legis/home/member_information/House_bio.cfm?id=1632'),
	('VALERIE', 'GAYDOS', 'S.', 'R', 'https://www.legis.state.pa.us/cfdocs/legis/home/member_information/House_bio.cfm?id=1831'),
	('ANITA', 'KULIK', 'ASTORINO', 'D', 'https://www.legis.state.pa.us/cfdocs/legis/home/member_information/House_bio.cfm?id=1744'),
	('JASON', 'ORTITAY', NULL, 'R', 'https://www.legis.state.pa.us/cfdocs/legis/home/member_information/House_bio.cfm?id=1701'),
	('JOSEPH', 'D''ORSIE', NULL, 'R', 'https://www.legis.state.pa.us/cfdocs/legis/home/member_information/House_bio.cfm?id=1947'),
	('TIMOTHY', 'O''NEAL', 'J.', 'R', 'https://www.legis.state.pa.us/cfdocs/legis/home/member_information/House_bio.cfm?id=1797'),
	('ISMAIL', 'SMITH-WADE-EL', NULL, 'D', 'https://www.legis.state.pa.us/cfdocs/legis/home/member_information/House_bio.cfm?id=1948'),
	('BUD', 'COOK', NULL, 'R', 'https://www.legis.state.pa.us/cfdocs/legis/home/member_information/House_bio.cfm?id=1745'),
	('CHARITY', 'KRUPA', 'GRIMM', 'R', 'https://www.legis.state.pa.us/cfdocs/legis/home/member_information/House_bio.cfm?id=1949'),
	('RYAN', 'WARNER', NULL, 'R', 'https://www.legis.state.pa.us/cfdocs/legis/home/member_information/House_bio.cfm?id=1708'),
	('STEVEN', 'MALAGARI', 'R.', 'D', 'https://www.legis.state.pa.us/cfdocs/legis/home/member_information/House_bio.cfm?id=1832'),
	('GREG', 'SCOTT', NULL, 'D', 'https://www.legis.state.pa.us/cfdocs/legis/home/member_information/House_bio.cfm?id=1950'),
	('JILL', 'COOPER', 'N.', 'R', 'https://www.legis.state.pa.us/cfdocs/legis/home/member_information/House_bio.cfm?id=1951'),
	('GEORGE', 'DUNBAR', NULL, 'R', 'https://www.legis.state.pa.us/cfdocs/legis/home/member_information/House_bio.cfm?id=1206'),
	('ERIC', 'NELSON', 'R.', 'R', 'https://www.legis.state.pa.us/cfdocs/legis/home/member_information/House_bio.cfm?id=1738'),
	('ERIC', 'DAVANZO', NULL, 'R', 'https://www.legis.state.pa.us/cfdocs/legis/home/member_information/House_bio.cfm?id=1875'),
	('LESLIE', 'ROSSI', NULL, 'R', 'https://www.legis.state.pa.us/cfdocs/legis/home/member_information/House_bio.cfm?id=1927'),
	('ABBY', 'MAJOR', NULL, 'R', 'https://www.legis.state.pa.us/cfdocs/legis/home/member_information/House_bio.cfm?id=1926'),
	('LIZ', 'HANBIDGE', NULL, 'D', 'https://www.legis.state.pa.us/cfdocs/legis/home/member_information/House_bio.cfm?id=1834'),
	('JAMES', 'STRUZZI', 'B.', 'R', 'https://www.legis.state.pa.us/cfdocs/legis/home/member_information/House_bio.cfm?id=1835'),
	('DONNA', 'OBERLANDER', NULL, 'R', 'https://www.legis.state.pa.us/cfdocs/legis/home/member_information/House_bio.cfm?id=1177'),
	('R.', 'JAMES', 'LEE', 'R', 'https://www.legis.state.pa.us/cfdocs/legis/home/member_information/House_bio.cfm?id=1634'),
	('KATHY', 'RAPP', 'L.', 'R', 'https://www.legis.state.pa.us/cfdocs/legis/home/member_information/House_bio.cfm?id=1028'),
	('BRIAN', 'SMITH', NULL, 'R', 'https://www.legis.state.pa.us/cfdocs/legis/home/member_information/House_bio.cfm?id=1902'),
	('MARTIN', 'CAUSER', 'T.', 'R', 'https://www.legis.state.pa.us/cfdocs/legis/home/member_information/House_bio.cfm?id=982'),
	('CLINT', 'OWLETT', NULL, 'R', 'https://www.legis.state.pa.us/cfdocs/legis/home/member_information/House_bio.cfm?id=1796'),
	('CARL', 'METZGAR', 'WALKER', 'R', 'https://www.legis.state.pa.us/cfdocs/legis/home/member_information/House_bio.cfm?id=1174'),
	('MATTHEW', 'BRADFORD', 'D.', 'D', 'https://www.legis.state.pa.us/cfdocs/legis/home/member_information/House_bio.cfm?id=1161'),
	('JIM', 'RIGBY', NULL, 'R', 'https://www.legis.state.pa.us/cfdocs/legis/home/member_information/House_bio.cfm?id=1836'),
	('FRANK', 'BURNS', NULL, 'D', 'https://www.legis.state.pa.us/cfdocs/legis/home/member_information/House_bio.cfm?id=1163'),
	('DALLAS', 'KEPHART', NULL, 'R', 'https://www.legis.state.pa.us/cfdocs/legis/home/member_information/House_bio.cfm?id=1952'),
	('DAN', 'WILLIAMS', 'K.', 'D', 'https://www.legis.state.pa.us/cfdocs/legis/home/member_information/House_bio.cfm?id=1837'),
	('MIKE', 'ARMANINI', NULL, 'R', 'https://www.legis.state.pa.us/cfdocs/legis/home/member_information/House_bio.cfm?id=1903'),
	('STEPHANIE', 'BOROWICZ', NULL, 'R', 'https://www.legis.state.pa.us/cfdocs/legis/home/member_information/House_bio.cfm?id=1838'),
	('SCOTT', 'CONKLIN', NULL, 'D', 'https://www.legis.state.pa.us/cfdocs/legis/home/member_information/House_bio.cfm?id=1096'),
	('JESSE', 'TOPPER', NULL, 'R', 'https://www.legis.state.pa.us/cfdocs/legis/home/member_information/House_bio.cfm?id=1681'),
	('LOUIS', 'SCHMITT', 'C.', 'R', 'https://www.legis.state.pa.us/cfdocs/legis/home/member_information/House_bio.cfm?id=1839'),
	('JIM', 'GREGORY', NULL, 'R', 'https://www.legis.state.pa.us/cfdocs/legis/home/member_information/House_bio.cfm?id=1840'),
	('RICH', 'IRVIN', NULL, 'R', 'https://www.legis.state.pa.us/cfdocs/legis/home/member_information/House_bio.cfm?id=1691'),
	('PAUL', 'TAKAC', NULL, 'D', 'https://www.legis.state.pa.us/cfdocs/legis/home/member_information/House_bio.cfm?id=1953'),
	('JAMIE', 'FLICK', 'L.', 'R', 'https://www.legis.state.pa.us/cfdocs/legis/home/member_information/House_bio.cfm?id=1954'),
	('JOE', 'HAMM', NULL, 'R', 'https://www.legis.state.pa.us/cfdocs/legis/home/member_information/House_bio.cfm?id=1904'),
	('DAVID', 'ROWE', 'H.', 'R', 'https://www.legis.state.pa.us/cfdocs/legis/home/member_information/House_bio.cfm?id=1871'),
	('PERRY', 'STAMBAUGH', 'A.', 'R', 'https://www.legis.state.pa.us/cfdocs/legis/home/member_information/House_bio.cfm?id=1905'),
	('THOMAS', 'KUTZ', 'H.', 'R', 'https://www.legis.state.pa.us/cfdocs/legis/home/member_information/House_bio.cfm?id=1955'),
	('SHERYL', 'DELOZIER', 'M.', 'R', 'https://www.legis.state.pa.us/cfdocs/legis/home/member_information/House_bio.cfm?id=1167'),
	('ROB', 'KAUFFMAN', 'W.', 'R', 'https://www.legis.state.pa.us/cfdocs/legis/home/member_information/House_bio.cfm?id=1022'),
	('PAUL', 'SCHEMEL', NULL, 'R', 'https://www.legis.state.pa.us/cfdocs/legis/home/member_information/House_bio.cfm?id=1705'),
	('DAN', 'MOUL', NULL, 'R', 'https://www.legis.state.pa.us/cfdocs/legis/home/member_information/House_bio.cfm?id=1101'),
	('DAWN', 'KEEFER', 'W.', 'R', 'https://www.legis.state.pa.us/cfdocs/legis/home/member_information/House_bio.cfm?id=1748'),
	('MIKE', 'JONES', NULL, 'R', 'https://www.legis.state.pa.us/cfdocs/legis/home/member_information/House_bio.cfm?id=1842'),
	('WENDY', 'FINK', NULL, 'R', 'https://www.legis.state.pa.us/cfdocs/legis/home/member_information/House_bio.cfm?id=1956'),
	('CAROL', 'HILL-EVANS', NULL, 'D', 'https://www.legis.state.pa.us/cfdocs/legis/home/member_information/House_bio.cfm?id=1749'),
	('P.', 'STURLA', 'MICHAEL', 'D', 'https://www.legis.state.pa.us/cfdocs/legis/home/member_information/House_bio.cfm?id=274'),
	('STEVEN', 'MENTZER', NULL, 'R', 'https://www.legis.state.pa.us/cfdocs/legis/home/member_information/House_bio.cfm?id=1642'),
	('TOM', 'JONES', NULL, 'R', 'https://www.legis.state.pa.us/cfdocs/legis/home/member_information/House_bio.cfm?id=1957'),
	('DAVID', 'ZIMMERMAN', 'H.', 'R', 'https://www.legis.state.pa.us/cfdocs/legis/home/member_information/House_bio.cfm?id=1711'),
	('BRYAN', 'CUTLER', NULL, 'R', 'https://www.legis.state.pa.us/cfdocs/legis/home/member_information/House_bio.cfm?id=1105'),
	('JOHN', 'SCHLEGEL', 'A.', 'R', 'https://www.legis.state.pa.us/cfdocs/legis/home/member_information/House_bio.cfm?id=1958'),
	('RUSS', 'DIAMOND', NULL, 'R', 'https://www.legis.state.pa.us/cfdocs/legis/home/member_information/House_bio.cfm?id=1686'),
	('PATTY', 'KIM', NULL, 'D', 'https://www.legis.state.pa.us/cfdocs/legis/home/member_information/House_bio.cfm?id=1636'),
	('DAVE', 'MADSEN', NULL, 'D', 'https://www.legis.state.pa.us/cfdocs/legis/home/member_information/House_bio.cfm?id=1959'),
	('JUSTIN', 'FLEMING', 'C.', 'D', 'https://www.legis.state.pa.us/cfdocs/legis/home/member_information/House_bio.cfm?id=1960'),
	('THOMAS', 'MEHAFFIE', NULL, 'R', 'https://www.legis.state.pa.us/cfdocs/legis/home/member_information/House_bio.cfm?id=1751'),
	('JOANNE', 'STEHR', NULL, 'R', 'https://www.legis.state.pa.us/cfdocs/legis/home/member_information/House_bio.cfm?id=1961'),
	('VACANT', 'VACANT', NULL, NULL, 'https://www.legis.state.pa.us/cfdocs/legis/home/member_information/mbrList.cfm?body=H&sort=alpha'),
	('ROBERT', 'LEADBETER', NULL, 'R', 'https://www.legis.state.pa.us/cfdocs/legis/home/member_information/House_bio.cfm?id=1962'),
	('TINA', 'PICKETT', NULL, 'R', 'https://www.legis.state.pa.us/cfdocs/legis/home/member_information/House_bio.cfm?id=97'),
	('JONATHAN', 'FRITZ', NULL, 'R', 'https://www.legis.state.pa.us/cfdocs/legis/home/member_information/House_bio.cfm?id=1752'),
	('KYLE', 'MULLINS', 'J.', 'D', 'https://www.legis.state.pa.us/cfdocs/legis/home/member_information/House_bio.cfm?id=1844'),
	('KYLE', 'DONAHUE', NULL, 'D', 'https://www.legis.state.pa.us/cfdocs/legis/home/member_information/House_bio.cfm?id=1963'),
	('BRIDGET', 'KOSIEROWSKI', 'M.', 'D', 'https://www.legis.state.pa.us/cfdocs/legis/home/member_information/House_bio.cfm?id=1866'),
	('MAUREEN', 'MADDEN', 'E.', 'D', 'https://www.legis.state.pa.us/cfdocs/legis/home/member_information/House_bio.cfm?id=1753'),
	('DANE', 'WATRO', NULL, 'R', 'https://www.legis.state.pa.us/cfdocs/legis/home/member_information/House_bio.cfm?id=1964'),
	('MIKE', 'CABELL', NULL, 'R', 'https://www.legis.state.pa.us/cfdocs/legis/home/member_information/House_bio.cfm?id=1965'),
	('JIM', 'HADDOCK', NULL, 'D', 'https://www.legis.state.pa.us/cfdocs/legis/home/member_information/House_bio.cfm?id=1966'),
	('ALEC', 'RYNCAVAGE', 'J.', 'R', 'https://www.legis.state.pa.us/cfdocs/legis/home/member_information/House_bio.cfm?id=1967'),
	('AARON', 'KAUFER', 'D.', 'R', 'https://www.legis.state.pa.us/cfdocs/legis/home/member_information/House_bio.cfm?id=1693'),
	('EDDIE', 'PASHINSKI', 'DAY', 'D', 'https://www.legis.state.pa.us/cfdocs/legis/home/member_information/House_bio.cfm?id=1112'),
	('DOYLE', 'HEFFLEY', NULL, 'R', 'https://www.legis.state.pa.us/cfdocs/legis/home/member_information/House_bio.cfm?id=1211'),
	('TIM', 'TWARDZIK', NULL, 'R', 'https://www.legis.state.pa.us/cfdocs/legis/home/member_information/House_bio.cfm?id=1906'),
	('JAMIE', 'BARTON', NULL, 'R', 'https://www.legis.state.pa.us/cfdocs/legis/home/member_information/House_bio.cfm?id=1968'),
	('JOE', 'KERWIN', NULL, 'R', 'https://www.legis.state.pa.us/cfdocs/legis/home/member_information/House_bio.cfm?id=1907'),
	('MARK', 'ROZZI', NULL, 'D', 'https://www.legis.state.pa.us/cfdocs/legis/home/member_information/House_bio.cfm?id=1647'),
	('MANUEL', 'GUZMAN', NULL, 'D', 'https://www.legis.state.pa.us/cfdocs/legis/home/member_information/House_bio.cfm?id=1908'),
	('MARK', 'GILLEN', 'M.', 'R', 'https://www.legis.state.pa.us/cfdocs/legis/home/member_information/House_bio.cfm?id=1209'),
	('JOHANNY', 'CEPEDA-FREYTIZ', NULL, 'D', 'https://www.legis.state.pa.us/cfdocs/legis/home/member_information/House_bio.cfm?id=1969'),
	('DAVID', 'MALONEY', 'M.', 'R', 'https://www.legis.state.pa.us/cfdocs/legis/home/member_information/House_bio.cfm?id=1226'),
	('MILOU', 'MACKENZIE', NULL, 'R', 'https://www.legis.state.pa.us/cfdocs/legis/home/member_information/House_bio.cfm?id=1909'),
	('MICHAEL', 'SCHLOSSBERG', 'H.', 'D', 'https://www.legis.state.pa.us/cfdocs/legis/home/member_information/House_bio.cfm?id=1649'),
	('JEANNE', 'MCNEILL', NULL, 'D', 'https://www.legis.state.pa.us/cfdocs/legis/home/member_information/House_bio.cfm?id=1793'),
	('PETER', 'SCHWEYER', NULL, 'D', 'https://www.legis.state.pa.us/cfdocs/legis/home/member_information/House_bio.cfm?id=1706'),
	('STEVE', 'SAMUELSON', NULL, 'D', 'https://www.legis.state.pa.us/cfdocs/legis/home/member_information/House_bio.cfm?id=80'),
	('ROBERT', 'FREEMAN', NULL, 'D', 'https://www.legis.state.pa.us/cfdocs/legis/home/member_information/House_bio.cfm?id=136'),
	('JOE', 'EMRICK', NULL, 'R', 'https://www.legis.state.pa.us/cfdocs/legis/home/member_information/House_bio.cfm?id=1207'),
	('ANN', 'FLOOD', NULL, 'R', 'https://www.legis.state.pa.us/cfdocs/legis/home/member_information/House_bio.cfm?id=1910'),
	('JOSEPH', 'ADAMS', NULL, 'R', 'https://www.legis.state.pa.us/cfdocs/legis/home/member_information/House_bio.cfm?id=1970'),
	('JOHN', 'GALLOWAY', 'T.', 'D', 'https://www.legis.state.pa.us/cfdocs/legis/home/member_information/House_bio.cfm?id=1118'),
	('TINA', 'DAVIS', 'M.', 'D', 'https://www.legis.state.pa.us/cfdocs/legis/home/member_information/House_bio.cfm?id=1204'),
	('JOE', 'HOGAN', NULL, 'R', 'https://www.legis.state.pa.us/cfdocs/legis/home/member_information/House_bio.cfm?id=1971'),
	('SHELBY', 'LABS', NULL, 'R', 'https://www.legis.state.pa.us/cfdocs/legis/home/member_information/House_bio.cfm?id=1911'),
	('BRIAN', 'MUNROE', NULL, 'D', 'https://www.legis.state.pa.us/cfdocs/legis/home/member_information/House_bio.cfm?id=1972'),
	('CRAIG', 'STAATS', 'T.', 'R', 'https://www.legis.state.pa.us/cfdocs/legis/home/member_information/House_bio.cfm?id=1707'),
	('JOE', 'CIRESI', NULL, 'D', 'https://www.legis.state.pa.us/cfdocs/legis/home/member_information/House_bio.cfm?id=1847'),
	('DONNA', 'SCHEUREN', NULL, 'R', 'https://www.legis.state.pa.us/cfdocs/legis/home/member_information/House_bio.cfm?id=1973'),
	('MARY', 'DALEY', 'JO', 'D', 'https://www.legis.state.pa.us/cfdocs/legis/home/member_information/House_bio.cfm?id=1622'),
	('TIM', 'BRIGGS', NULL, 'D', 'https://www.legis.state.pa.us/cfdocs/legis/home/member_information/House_bio.cfm?id=1159'),
	('JOE', 'WEBSTER', NULL, 'D', 'https://www.legis.state.pa.us/cfdocs/legis/home/member_information/House_bio.cfm?id=1848'),
	('MELISSA', 'CERRATO', NULL, 'D', 'https://www.legis.state.pa.us/cfdocs/legis/home/member_information/House_bio.cfm?id=1974'),
	('NANCY', 'GUENST', NULL, 'D', 'https://www.legis.state.pa.us/cfdocs/legis/home/member_information/House_bio.cfm?id=1913'),
	('BENJAMIN', 'SANCHEZ', 'V.', 'D', 'https://www.legis.state.pa.us/cfdocs/legis/home/member_information/House_bio.cfm?id=1849'),
	('NAPOLEON', 'NELSON', 'J.', 'D', 'https://www.legis.state.pa.us/cfdocs/legis/home/member_information/House_bio.cfm?id=1914'),
	('DANIELLE', 'OTTEN', 'FRIEL', 'D', 'https://www.legis.state.pa.us/cfdocs/legis/home/member_information/House_bio.cfm?id=1850'),
	('CHRIS', 'PIELLI', NULL, 'D', 'https://www.legis.state.pa.us/cfdocs/legis/home/member_information/House_bio.cfm?id=1975'),
	('MELISSA', 'SHUSTERMAN', 'L.', 'D', 'https://www.legis.state.pa.us/cfdocs/legis/home/member_information/House_bio.cfm?id=1851'),
	('CHRISTINA', 'SAPPEY', 'D.', 'D', 'https://www.legis.state.pa.us/cfdocs/legis/home/member_information/House_bio.cfm?id=1852'),
	('CAROL', 'KAZEEM', NULL, 'D', 'https://www.legis.state.pa.us/cfdocs/legis/home/member_information/House_bio.cfm?id=1976'),
	('CRAIG', 'WILLIAMS', NULL, 'R', 'https://www.legis.state.pa.us/cfdocs/legis/home/member_information/House_bio.cfm?id=1916'),
	('LEANNE', 'KRUEGER', NULL, 'D', 'https://www.legis.state.pa.us/cfdocs/legis/home/member_information/House_bio.cfm?id=1735'),
	('DAVID', 'DELLOSO', 'M.', 'D', 'https://www.legis.state.pa.us/cfdocs/legis/home/member_information/House_bio.cfm?id=1853'),
	('VACANT', 'VACANT', NULL, NULL, 'https://www.legis.state.pa.us/cfdocs/legis/home/member_information/mbrList.cfm?body=H&sort=alpha'),
	('GINA', 'CURRY', 'H.', 'D', 'https://www.legis.state.pa.us/cfdocs/legis/home/member_information/House_bio.cfm?id=1932'),
	('JENNIFER', 'O''MARA', NULL, 'D', 'https://www.legis.state.pa.us/cfdocs/legis/home/member_information/House_bio.cfm?id=1855'),
	('GREG', 'VITALI', NULL, 'D', 'https://www.legis.state.pa.us/cfdocs/legis/home/member_information/House_bio.cfm?id=210'),
	('KRISTINE', 'HOWARD', 'C.', 'D', 'https://www.legis.state.pa.us/cfdocs/legis/home/member_information/House_bio.cfm?id=1856'),
	('LISA', 'BOROWSKI', 'A.', 'D', 'https://www.legis.state.pa.us/cfdocs/legis/home/member_information/House_bio.cfm?id=1977'),
	('KATE', 'KLUNK', 'A.', 'R', 'https://www.legis.state.pa.us/cfdocs/legis/home/member_information/House_bio.cfm?id=1694'),
	('MARTINA', 'WHITE', 'A.', 'R', 'https://www.legis.state.pa.us/cfdocs/legis/home/member_information/House_bio.cfm?id=1732'),
	('KERRY', 'BENNINGHOFF', 'A.', 'R', 'https://www.legis.state.pa.us/cfdocs/legis/home/member_information/House_bio.cfm?id=215'),
	('KEVIN', 'BOYLE', 'J.', 'D', 'https://www.legis.state.pa.us/cfdocs/legis/home/member_information/House_bio.cfm?id=1225'),
	('PAT', 'GALLAGHER', NULL, 'D', 'https://www.legis.state.pa.us/cfdocs/legis/home/member_information/House_bio.cfm?id=1978'),
	('ED', 'NEILSON', NULL, 'D', 'https://www.legis.state.pa.us/cfdocs/legis/home/member_information/House_bio.cfm?id=1615'),
	('MARYLOUISE', 'ISAACSON', NULL, 'D', 'https://www.legis.state.pa.us/cfdocs/legis/home/member_information/House_bio.cfm?id=1857'),
	('JACK', 'RADER', NULL, 'R', 'https://www.legis.state.pa.us/cfdocs/legis/home/member_information/House_bio.cfm?id=1703'),
	('JOSEPH', 'HOHENSTEIN', 'C.', 'D', 'https://www.legis.state.pa.us/cfdocs/legis/home/member_information/House_bio.cfm?id=1858'),
	('KRISTIN', 'MARCELL', NULL, 'R', 'https://www.legis.state.pa.us/cfdocs/legis/home/member_information/House_bio.cfm?id=1979'),
	('JASON', 'DAWKINS', NULL, 'D', 'https://www.legis.state.pa.us/cfdocs/legis/home/member_information/House_bio.cfm?id=1685'),
	('JOSE', 'GIRAL', NULL, 'D', 'https://www.legis.state.pa.us/cfdocs/legis/home/member_information/House_bio.cfm?id=1980'),
	('MALCOLM', 'KENYATTA', NULL, 'D', 'https://www.legis.state.pa.us/cfdocs/legis/home/member_information/House_bio.cfm?id=1860'),
	('BEN', 'WAXMAN', NULL, 'D', 'https://www.legis.state.pa.us/cfdocs/legis/home/member_information/House_bio.cfm?id=1981'),
	('ZACHARY', 'MAKO', NULL, 'R', 'https://www.legis.state.pa.us/cfdocs/legis/home/member_information/House_bio.cfm?id=1758'),
	('ELIZABETH', 'FIEDLER', NULL, 'D', 'https://www.legis.state.pa.us/cfdocs/legis/home/member_information/House_bio.cfm?id=1861'),
	('REGINA', 'YOUNG', 'G.', 'D', 'https://www.legis.state.pa.us/cfdocs/legis/home/member_information/House_bio.cfm?id=1917'),
	('JORDAN', 'HARRIS', 'A.', 'D', 'https://www.legis.state.pa.us/cfdocs/legis/home/member_information/House_bio.cfm?id=1633'),
	('RYAN', 'MACKENZIE', 'E.', 'R', 'https://www.legis.state.pa.us/cfdocs/legis/home/member_information/House_bio.cfm?id=1614'),
	('RICK', 'KRAJEWSKI', NULL, 'D', 'https://www.legis.state.pa.us/cfdocs/legis/home/member_information/House_bio.cfm?id=1918'),
	('TARAH', 'PROBST', NULL, 'D', 'https://www.legis.state.pa.us/cfdocs/legis/home/member_information/House_bio.cfm?id=1982'),
	('G.', 'GREEN', 'RONI', 'D', 'https://www.legis.state.pa.us/cfdocs/legis/home/member_information/House_bio.cfm?id=1874'),
	('JOANNA', 'MCCLINTON', 'E.', 'D', 'https://www.legis.state.pa.us/cfdocs/legis/home/member_information/House_bio.cfm?id=1734'),
	('MORGAN', 'CEPHAS', NULL, 'D', 'https://www.legis.state.pa.us/cfdocs/legis/home/member_information/House_bio.cfm?id=1759'),
	('TORREN', 'ECKER', 'C.', 'R', 'https://www.legis.state.pa.us/cfdocs/legis/home/member_information/House_bio.cfm?id=1862'),
	('TARIK', 'KHAN', NULL, 'D', 'https://www.legis.state.pa.us/cfdocs/legis/home/member_information/House_bio.cfm?id=1983'),
	('DONNA', 'BULLOCK', NULL, 'D', 'https://www.legis.state.pa.us/cfdocs/legis/home/member_information/House_bio.cfm?id=1736'),
	('SETH', 'GROVE', 'M.', 'R', 'https://www.legis.state.pa.us/cfdocs/legis/home/member_information/House_bio.cfm?id=1171'),
	('DANILO', 'BURGOS', NULL, 'D', 'https://www.legis.state.pa.us/cfdocs/legis/home/member_information/House_bio.cfm?id=1863'),
	('DARISHA', 'PARKER', 'K.', 'D', 'https://www.legis.state.pa.us/cfdocs/legis/home/member_information/House_bio.cfm?id=1920'),
	('BARBARA', 'GLEIM', NULL, 'R', 'https://www.legis.state.pa.us/cfdocs/legis/home/member_information/House_bio.cfm?id=1864'),
	('CHRISTOPHER', 'RABB', 'M.', 'D', 'https://www.legis.state.pa.us/cfdocs/legis/home/member_information/House_bio.cfm?id=1760'),
	('STEPHEN', 'KINSEY', NULL, 'D', 'https://www.legis.state.pa.us/cfdocs/legis/home/member_information/House_bio.cfm?id=1637'),
	('JARED', 'SOLOMON', 'G.', 'D', 'https://www.legis.state.pa.us/cfdocs/legis/home/member_information/House_bio.cfm?id=1761'),
	('ANTHONY', 'BELLMON', 'A.', 'D', 'https://www.legis.state.pa.us/cfdocs/legis/home/member_information/House_bio.cfm?id=1984');

INSERT INTO revisions (printer_no, external_link, published_on, full_text) VALUES
	('818', 'https://www.legis.state.pa.us/cfdocs/legis/PN/Public/btCheck.cfm?txtType=HTM&sessYr=2023&sessInd=0&billBody=H&billTyp=B&billNbr=810&pn=818', '2023-04-04 16:04:49+0000', 'An Act amending Title 18 (Crimes and Offenses) of the Pennsylvania Consolidated Statutes, in abortion, further providing for spousal notice.'),
	('817', 'https://www.legis.state.pa.us/cfdocs/legis/PN/Public/btCheck.cfm?txtType=HTM&sessYr=2023&sessInd=0&billBody=H&billTyp=B&billNbr=802&pn=817', '2023-04-04 16:04:34+0000', 'An Act amending the act of May 22, 1951 (P.L.317, No.69), known as The Professional Nursing Law, providing for performance of reproductive health services on non-Commonwealth residents....'),
	('816', 'https://www.legis.state.pa.us/cfdocs/legis/PN/Public/btCheck.cfm?txtType=HTM&sessYr=2023&sessInd=0&billBody=H&billTyp=B&billNbr=800&pn=816', '2023-04-04 16:04:17+0000', 'An Act amending the act of May 17, 1921 (P.L.682, No.284), known as The Insurance Company Law of 1921, providing for sharing of reproductive health information....'),
	('814', 'https://www.legis.state.pa.us/cfdocs/legis/PN/Public/btCheck.cfm?txtType=HTM&sessYr=2023&sessInd=0&billBody=H&billTyp=B&billNbr=841&pn=814', '2023-04-04 12:58:13+0000', 'An Act amending Title 44 (Law and Justice) of the Pennsylvania Consolidated Statutes, in DNA data and testing, further providing for policy, for definitions, for DNA sample required upon conviction, delinquency adjudication and certain ARD cases, for collection from persons accepted from other jurisdictions, for expungement and for mandatory cost....'),
	('813', 'https://www.legis.state.pa.us/cfdocs/legis/PN/Public/btCheck.cfm?txtType=HTM&sessYr=2023&sessInd=0&billBody=H&billTyp=B&billNbr=840&pn=813', '2023-04-04 12:57:50+0000', 'An Act amending the act of November 10, 1999 (P.L.491, No.45), known as the Pennsylvania Construction Code Act, providing for building permits and endangered and threatened species; and making an appropriation....'),
	('812', 'https://www.legis.state.pa.us/cfdocs/legis/PN/Public/btCheck.cfm?txtType=HTM&sessYr=2023&sessInd=0&billBody=H&billTyp=B&billNbr=839&pn=812', '2023-04-04 12:57:23+0000', 'An Act amending the act of December 5, 1936 (2nd Sp.Sess., 1937 P.L.2897, No.1), known as the Unemployment Compensation Law, in compensation, further providing for qualifications required to secure compensation....'),
	('811', 'https://www.legis.state.pa.us/cfdocs/legis/PN/Public/btCheck.cfm?txtType=HTM&sessYr=2023&sessInd=0&billBody=H&billTyp=B&billNbr=838&pn=811', '2023-04-04 12:56:52+0000', 'An Act amending Title 18 (Crimes and Offenses) of the Pennsylvania Consolidated Statutes, in theft and related offenses, further providing for the offense of financial exploitation of an older adult or care-dependent person and providing for the offense of financial exploitation of a family or household member and for civil causes of action in cases of financial exploitation; and imposing penalties....'),
	('810', 'https://www.legis.state.pa.us/cfdocs/legis/PN/Public/btCheck.cfm?txtType=HTM&sessYr=2023&sessInd=0&billBody=H&billTyp=B&billNbr=837&pn=810', '2023-04-04 12:56:29+0000', 'An Act amending Title 58 (Oil and Gas) of the Pennsylvania Consolidated Statutes, in development, further providing for penalties.'),
	('809', 'https://www.legis.state.pa.us/cfdocs/legis/PN/Public/btCheck.cfm?txtType=HTM&sessYr=2023&sessInd=0&billBody=H&billTyp=B&billNbr=836&pn=809', '2023-04-04 12:56:06+0000', 'An Act amending the act of July 23, 1970 (P.L.563, No.195), known as the Public Employe Relations Act, in representation, providing for recertification....'),
	('808', 'https://www.legis.state.pa.us/cfdocs/legis/PN/Public/btCheck.cfm?txtType=HTM&sessYr=2023&sessInd=0&billBody=H&billTyp=B&billNbr=835&pn=808', '2023-04-04 12:55:41+0000', 'An Act amending Title 23 (Domestic Relations) of the Pennsylvania Consolidated Statutes, in protection from abuse, further providing for definitions.'),
	('807', 'https://www.legis.state.pa.us/cfdocs/legis/PN/Public/btCheck.cfm?txtType=HTM&sessYr=2023&sessInd=0&billBody=H&billTyp=B&billNbr=834&pn=807', '2023-04-04 12:55:11+0000', 'An Act amending the act of July 23, 1970 (P.L.563, No.195), known as the Public Employe Relations Act, in employee rights, providing for conditions of collective bargaining agreement; and, in scope of bargaining, further providing for maintenance of membership....'),
	('806', 'https://www.legis.state.pa.us/cfdocs/legis/PN/Public/btCheck.cfm?txtType=HTM&sessYr=2023&sessInd=0&billBody=H&billTyp=B&billNbr=833&pn=806', '2023-04-04 12:54:45+0000', 'An Act amending the act of November 10, 1999 (P.L.491, No.45), known as the Pennsylvania Construction Code Act, in Uniform Construction Code, further providing for adoption by regulations....'),
	('805', 'https://www.legis.state.pa.us/cfdocs/legis/PN/Public/btCheck.cfm?txtType=HTM&sessYr=2023&sessInd=0&billBody=H&billTyp=B&billNbr=832&pn=805', '2023-04-04 12:54:14+0000', 'An Act establishing the Pollinator Task Force and providing for its powers and duties; and imposing duties on the Department of Agriculture....'),
	('804', 'https://www.legis.state.pa.us/cfdocs/legis/PN/Public/btCheck.cfm?txtType=HTM&sessYr=2023&sessInd=0&billBody=H&billTyp=B&billNbr=831&pn=804', '2023-04-04 12:53:43+0000', 'An Act amending Title 42 (Judiciary and Judicial Procedure) of the Pennsylvania Consolidated Statutes, in bonds and recognizances, providing for bail in illegal firearm offenses in city of the first class....'),
	('803', 'https://www.legis.state.pa.us/cfdocs/legis/PN/Public/btCheck.cfm?txtType=HTM&sessYr=2023&sessInd=0&billBody=H&billTyp=B&billNbr=830&pn=803', '2023-04-04 12:53:20+0000', 'An Act amending the act of June 3, 1937 (P.L.1333, No.320), known as the Pennsylvania Election Code, in election districts and polling places, further providing for polling places to be selected by county board; and, in qualifications of electors, further providing for residence of electors....'),
	('802', 'https://www.legis.state.pa.us/cfdocs/legis/PN/Public/btCheck.cfm?txtType=HTM&sessYr=2023&sessInd=0&billBody=H&billTyp=B&billNbr=829&pn=802', '2023-04-04 12:52:58+0000', 'An Act amending the act of April 12, 1951 (P.L.90, No.21), known as the Liquor Code, in licenses and regulations and liquor, alcohol and malt and brewed beverages, further providing for interlocking business prohibited and for unlawful acts relative to liquor, malt and brewed beverages and licensees....'),
	('801', 'https://www.legis.state.pa.us/cfdocs/legis/PN/Public/btCheck.cfm?txtType=HTM&sessYr=2023&sessInd=0&billBody=H&billTyp=B&billNbr=600&pn=801', '2023-04-04 11:09:48+0000', 'An Act amending Title 23 (Domestic Relations) of the Pennsylvania Consolidated Statutes, in marriage ceremony, further providing for persons qualified to solemnize marriages....'),
	('800', 'https://www.legis.state.pa.us/cfdocs/legis/PN/Public/btCheck.cfm?txtType=HTM&sessYr=2023&sessInd=0&billBody=H&billTyp=B&billNbr=599&pn=800', '2023-04-04 11:08:49+0000', 'An Act amending Title 51 (Military Affairs) of the Pennsylvania Consolidated Statutes, in educational gratuity program, further providing for eligibility and qualification requirements....'),
	('799', 'https://www.legis.state.pa.us/cfdocs/legis/PN/Public/btCheck.cfm?txtType=HTM&sessYr=2023&sessInd=0&billBody=H&billTyp=B&billNbr=598&pn=799', '2023-04-04 11:08:27+0000', 'An Act amending the act of June 27, 2006 (1st Sp.Sess., P.L.1873, No.1), known as the Taxpayer Relief Act, in taxation by school districts, further providing for public referendum requirements for increasing certain taxes....'),
	('798', 'https://www.legis.state.pa.us/cfdocs/legis/PN/Public/btCheck.cfm?txtType=HTM&sessYr=2023&sessInd=0&billBody=H&billTyp=B&billNbr=597&pn=798', '2023-04-04 11:08:03+0000', 'An Act amending the act of July 28, 1988 (P.L.556, No.101), known as the Municipal Waste Planning, Recycling and Waste Reduction Act, in powers and duties, further providing for powers and duties of counties....'),
	('797', 'https://www.legis.state.pa.us/cfdocs/legis/PN/Public/btCheck.cfm?txtType=HTM&sessYr=2023&sessInd=0&billBody=H&billTyp=B&billNbr=596&pn=797', '2023-04-04 11:07:38+0000', 'An Act amending Title 18 (Crimes and Offenses) of the Pennsylvania Consolidated Statutes, in firearms and other dangerous articles, further providing for persons not to possess, use, manufacture, control, sell or transfer firearms and for sale or transfer of firearms and providing for Gun Violence Task Force in cities of the first class....'),
	('796', 'https://www.legis.state.pa.us/cfdocs/legis/PN/Public/btCheck.cfm?txtType=HTM&sessYr=2023&sessInd=0&billBody=H&billTyp=B&billNbr=595&pn=796', '2023-04-04 11:07:10+0000', 'An Act amending Title 65 (Public Officers) of the Pennsylvania Consolidated Statutes, providing for legislators.'),
	('795', 'https://www.legis.state.pa.us/cfdocs/legis/PN/Public/btCheck.cfm?txtType=HTM&sessYr=2023&sessInd=0&billBody=H&billTyp=B&billNbr=594&pn=795', '2023-04-04 11:06:43+0000', 'An Act amending Title 75 (Vehicles) of the Pennsylvania Consolidated Statutes, in miscellaneous provisions relating to operation of vehicles, further providing for the offense of depositing waste and other material on highway, property or waters....'),
	('794', 'https://www.legis.state.pa.us/cfdocs/legis/PN/Public/btCheck.cfm?txtType=HTM&sessYr=2023&sessInd=0&billBody=H&billTyp=B&billNbr=593&pn=794', '2023-04-04 11:06:17+0000', 'An Act amending the act of March 10, 1949 (P.L.30, No.14), known as the Public School Code of 1949, providing for Child and Adult Care Food Program Supplement; and making an appropriation....'),
	('793', 'https://www.legis.state.pa.us/cfdocs/legis/PN/Public/btCheck.cfm?txtType=HTM&sessYr=2023&sessInd=0&billBody=H&billTyp=B&billNbr=592&pn=793', '2023-04-04 11:05:39+0000', 'An Act providing for food desert opportunity zones and for food desert opportunity zone tax credits; and imposing powers and duties on the Department of Community and Economic Development and the Department of Revenue....'),
	('792', 'https://www.legis.state.pa.us/cfdocs/legis/PN/Public/btCheck.cfm?txtType=HTM&sessYr=2023&sessInd=0&billBody=H&billTyp=B&billNbr=591&pn=792', '2023-04-04 11:05:03+0000', 'An Act amending the act of May 3, 1933 (P.L.242, No.86), referred to as the Cosmetology Law, further providing for definitions, for practice without license prohibited, for eligibility requirements for examination, for limited licenses, for requirements of a school of cosmetology, for practice in licensed salons only, for booth rental prohibited, for fees, for duration and renewal of licenses and for penalties....'),
	('791', 'https://www.legis.state.pa.us/cfdocs/legis/PN/Public/btCheck.cfm?txtType=HTM&sessYr=2023&sessInd=0&billBody=H&billTyp=B&billNbr=590&pn=791', '2023-04-04 11:04:22+0000', 'An Act amending the act of May 22, 1951 (P.L.317, No.69), known as The Professional Nursing Law, further providing for examinations and certificates; and abrogating regulations....'),
	('789', 'https://www.legis.state.pa.us/cfdocs/legis/PN/Public/btCheck.cfm?txtType=HTM&sessYr=2023&sessInd=0&billBody=H&billTyp=B&billNbr=827&pn=789', '2023-04-03 14:55:07+0000', 'An Act amending the act of March 10, 1949 (P.L.30, No.14), known as the Public School Code of 1949, providing for Delayed Payment Plan Program; establishing the Delayed Payment Plan Program Fund; and imposing duties on the Pennsylvania Higher Education Assistance Agency....'),
	('783', 'https://www.legis.state.pa.us/cfdocs/legis/PN/Public/btCheck.cfm?txtType=HTM&sessYr=2023&sessInd=0&billBody=H&billTyp=B&billNbr=826&pn=783', '2023-04-03 11:51:54+0000', 'An Act amending Title 75 (Vehicles) of the Pennsylvania Consolidated Statutes, in registration of vehicles, providing for special plates for recipients of Borinqueneers Congressional Gold Medal....'),
	('782', 'https://www.legis.state.pa.us/cfdocs/legis/PN/Public/btCheck.cfm?txtType=HTM&sessYr=2023&sessInd=0&billBody=H&billTyp=B&billNbr=825&pn=782', '2023-04-03 11:51:34+0000', 'An Act providing for lead screening and related services, for health insurance coverage for lead screening and related diagnostic services and supplies and for duties of the Department of Health....'),
	('781', 'https://www.legis.state.pa.us/cfdocs/legis/PN/Public/btCheck.cfm?txtType=HTM&sessYr=2023&sessInd=0&billBody=H&billTyp=B&billNbr=824&pn=781', '2023-04-03 11:51:19+0000', 'An Act amending Title 75 (Vehicles) of the Pennsylvania Consolidated Statutes, in other required equipment, further providing for general requirements for school buses....'),
	('780', 'https://www.legis.state.pa.us/cfdocs/legis/PN/Public/btCheck.cfm?txtType=HTM&sessYr=2023&sessInd=0&billBody=H&billTyp=B&billNbr=823&pn=780', '2023-04-03 11:51:00+0000', 'An Act amending the act of March 10, 1949 (P.L.30, No.14), known as the Public School Code of 1949, in terms and courses of study, further providing for dates and times of school terms and sessions and commencement....'),
	('779', 'https://www.legis.state.pa.us/cfdocs/legis/PN/Public/btCheck.cfm?txtType=HTM&sessYr=2023&sessInd=0&billBody=H&billTyp=B&billNbr=822&pn=779', '2023-04-03 11:50:44+0000', 'An Act amending Title 75 (Vehicles) of the Pennsylvania Consolidated Statutes, in miscellaneous provisions relating to accidents and accident reports, further providing for immediate notice of accident to police department....'),
	('778', 'https://www.legis.state.pa.us/cfdocs/legis/PN/Public/btCheck.cfm?txtType=HTM&sessYr=2023&sessInd=0&billBody=H&billTyp=B&billNbr=821&pn=778', '2023-04-03 11:50:29+0000', 'An Act amending Title 18 (Crimes and Offenses) of the Pennsylvania Consolidated Statutes, in firearms and other dangerous articles, further providing for sale or transfer of firearms and establishing the Pennsylvania Gun Buyback Program and the Pennsylvania Gun Buyback Program Fund....'),
	('777', 'https://www.legis.state.pa.us/cfdocs/legis/PN/Public/btCheck.cfm?txtType=HTM&sessYr=2023&sessInd=0&billBody=H&billTyp=B&billNbr=820&pn=777', '2023-04-03 11:50:14+0000', 'An Act requiring child-care centers to install video camera surveillance systems; and conferring powers and duties on the Department of Human Services....'),
	('776', 'https://www.legis.state.pa.us/cfdocs/legis/PN/Public/btCheck.cfm?txtType=HTM&sessYr=2023&sessInd=0&billBody=H&billTyp=B&billNbr=819&pn=776', '2023-04-03 11:49:51+0000', 'An Act amending the act of June 13, 1967 (P.L.31, No.21), known as the Human Services Code, in departmental powers and duties as to licensing, further providing for definitions and providing for food allergy guidelines....'),
	('775', 'https://www.legis.state.pa.us/cfdocs/legis/PN/Public/btCheck.cfm?txtType=HTM&sessYr=2023&sessInd=0&billBody=H&billTyp=B&billNbr=818&pn=775', '2023-04-03 11:49:36+0000', 'An Act amending the act of April 9, 1929 (P.L.177, No.175), known as The Administrative Code of 1929, in powers and duties of the Department of State and its departmental administrative board, establishing the Pharmaceutical Collection Sites Educational Program; and making an appropriation....'),
	('774', 'https://www.legis.state.pa.us/cfdocs/legis/PN/Public/btCheck.cfm?txtType=HTM&sessYr=2023&sessInd=0&billBody=H&billTyp=B&billNbr=817&pn=774', '2023-04-03 11:49:17+0000', 'An Act amending the act of September 27, 1961 (P.L.1700, No.699), known as the Pharmacy Act, further providing for State Board of Pharmacy....'),
	('773', 'https://www.legis.state.pa.us/cfdocs/legis/PN/Public/btCheck.cfm?txtType=HTM&sessYr=2023&sessInd=0&billBody=H&billTyp=B&billNbr=816&pn=773', '2023-04-03 11:49:02+0000', 'An Act amending Title 75 (Vehicles) of the Pennsylvania Consolidated Statutes, in rules of the road in general, providing for removal of vehicles in a city of the first class....'),
	('772', 'https://www.legis.state.pa.us/cfdocs/legis/PN/Public/btCheck.cfm?txtType=HTM&sessYr=2023&sessInd=0&billBody=H&billTyp=B&billNbr=815&pn=772', '2023-04-03 11:48:49+0000', 'An Act amending the act of June 3, 1937 (P.L.1333, No.320), known as the Pennsylvania Election Code, in primary and election expenses, further providing for reporting by candidate and political committees and other persons, for late contributions and independent expenditures, for oath of compliance, perjury, disqualification from office and commercial use, for residual funds and for place of filing, providing for manner of filing and for inability to file reports or statements electronically by deadline and further providing for late filing fee and certificate of filing, for additional powers and duties of the Secretary of the Commonwealth and for reports by business entities and publication by Secretary of the Commonwealth....'),
	('771', 'https://www.legis.state.pa.us/cfdocs/legis/PN/Public/btCheck.cfm?txtType=HTM&sessYr=2023&sessInd=0&billBody=H&billTyp=B&billNbr=814&pn=771', '2023-04-03 11:48:28+0000', 'An Act amending the act of July 19, 1979 (P.L.130, No.48), known as the Health Care Facilities Act, in general provisions, repeals and effective date, providing for acute care mental health bed registry and referrals....'),
	('770', 'https://www.legis.state.pa.us/cfdocs/legis/PN/Public/btCheck.cfm?txtType=HTM&sessYr=2023&sessInd=0&billBody=H&billTyp=B&billNbr=813&pn=770', '2023-04-03 11:48:03+0000', 'An Act amending the act of April 9, 1929 (P.L.177, No.175), known as The Administrative Code of 1929, authorizing the appointment of the Child Advocate; and establishing the Office of Child Advocate and the HEAL PA Coalition....'),
	('769', 'https://www.legis.state.pa.us/cfdocs/legis/PN/Public/btCheck.cfm?txtType=HTM&sessYr=2023&sessInd=0&billBody=H&billTyp=B&billNbr=812&pn=769', '2023-04-03 11:47:48+0000', 'An Act providing for privacy, transparency and compensation regarding the disclosure of information collected by genetic material testing entities.'),
	('768', 'https://www.legis.state.pa.us/cfdocs/legis/PN/Public/btCheck.cfm?txtType=HTM&sessYr=2023&sessInd=0&billBody=H&billTyp=B&billNbr=811&pn=768', '2023-04-03 11:47:30+0000', 'An Act amending Title 35 (Health and Safety) of the Pennsylvania Consolidated Statutes, in local organizations and services, further providing for general authority of political subdivisions....'),
	('767', 'https://www.legis.state.pa.us/cfdocs/legis/PN/Public/btCheck.cfm?txtType=HTM&sessYr=2023&sessInd=0&billBody=H&billTyp=B&billNbr=809&pn=767', '2023-04-03 11:47:12+0000', 'An Act amending Title 75 (Vehicles) of the Pennsylvania Consolidated Statutes, in fees, further providing for exemption of persons, entities and vehicles from fees....'),
	('766', 'https://www.legis.state.pa.us/cfdocs/legis/PN/Public/btCheck.cfm?txtType=HTM&sessYr=2023&sessInd=0&billBody=H&billTyp=B&billNbr=808&pn=766', '2023-04-03 11:46:53+0000', 'An Act amending the act of June 13, 1967 (P.L.31, No.21), known as the Human Services Code, in public assistance, further providing for the medically needy and determination of eligibility....'),
	('765', 'https://www.legis.state.pa.us/cfdocs/legis/PN/Public/btCheck.cfm?txtType=HTM&sessYr=2023&sessInd=0&billBody=H&billTyp=B&billNbr=807&pn=765', '2023-04-03 11:46:36+0000', 'An Act amending the act of April 9, 1929 (P.L.177, No.175), known as The Administrative Code of 1929, in powers and duties of the Department of Health and its departmental administrative and advisory boards, providing for perimenopause and menopause education....'),
	('764', 'https://www.legis.state.pa.us/cfdocs/legis/PN/Public/btCheck.cfm?txtType=HTM&sessYr=2023&sessInd=0&billBody=H&billTyp=B&billNbr=806&pn=764', '2023-04-03 11:46:06+0000', 'An Act amending the act of June 3, 1937 (P.L.1333, No.320), known as the Pennsylvania Election Code, in preparation for and conduct of primaries and elections, further providing for assistance in voting....'),
	('763', 'https://www.legis.state.pa.us/cfdocs/legis/PN/Public/btCheck.cfm?txtType=HTM&sessYr=2023&sessInd=0&billBody=H&billTyp=B&billNbr=805&pn=763', '2023-04-03 11:45:43+0000', 'An Act amending the act of November 24, 1976 (P.L.1176, No.261), known as the Manufactured Home Community Rights Act, providing for rent increases....'),
	('762', 'https://www.legis.state.pa.us/cfdocs/legis/PN/Public/btCheck.cfm?txtType=HTM&sessYr=2023&sessInd=0&billBody=H&billTyp=B&billNbr=804&pn=762', '2023-04-03 11:45:25+0000', 'An Act amending the act of December 15, 1982 (P.L.1266, No.287), entitled "An act conferring limited residency status on military personnel, their dependents and civilian personnel assigned to an active duty station in Pennsylvania," further providing for residency of students....');

INSERT INTO bills (active_revision, title, description, status, primary_sponsor, external_id) VALUES
	(1, 'House Bill 810 Printer''s Number 818', 'An Act amending Title 18 (Crimes and Offenses) of the Pennsylvania Consolidated Statutes, in abortion, further providing for spousal notice.', '{"date": "2023-04-04 00:00:00", "last_action": "Referred to JUDICIARY", "enacted": false, "passed_house": false, "passed_senate": false}', 61, 'HB810'),
	(2, 'House Bill 802 Printer''s Number 817', 'An Act amending the act of May 22, 1951 (P.L.317, No.69), known as The Professional Nursing Law, providing for performance of reproductive health services on non-Commonwealth residents....', '{"date": "2023-04-04 00:00:00", "last_action": "Referred to PROFESSIONAL LICENSURE", "enacted": false, "passed_house": false, "passed_senate": false}', 155, 'HB802'),
	(3, 'House Bill 800 Printer''s Number 816', 'An Act amending the act of May 17, 1921 (P.L.682, No.284), known as The Insurance Company Law of 1921, providing for sharing of reproductive health information....', '{"date": "2023-04-04 00:00:00", "last_action": "Referred to INSURANCE", "enacted": false, "passed_house": false, "passed_senate": false}', 155, 'HB800'),
	(4, 'House Bill 841 Printer''s Number 814', 'An Act amending Title 44 (Law and Justice) of the Pennsylvania Consolidated Statutes, in DNA data and testing, further providing for policy, for definitions, for DNA sample required upon conviction, delinquency adjudication and certain ARD cases, for collection from persons accepted from other jurisdictions, for expungement and for mandatory cost....', '{"date": "2023-04-04 00:00:00", "last_action": "Referred to JUDICIARY", "enacted": false, "passed_house": false, "passed_senate": false}', 167, 'HB841'),
	(5, 'House Bill 840 Printer''s Number 813', 'An Act amending the act of November 10, 1999 (P.L.491, No.45), known as the Pennsylvania Construction Code Act, providing for building permits and endangered and threatened species; and making an appropriation....', '{"date": "2023-04-04 00:00:00", "last_action": "Referred to HOUSING AND COMMUNITY DEVELOPMENT", "enacted": false, "passed_house": false, "passed_senate": false}', 167, 'HB840'),
	(6, 'House Bill 839 Printer''s Number 812', 'An Act amending the act of December 5, 1936 (2nd Sp.Sess., 1937 P.L.2897, No.1), known as the Unemployment Compensation Law, in compensation, further providing for qualifications required to secure compensation....', '{"date": "2023-04-04 00:00:00", "last_action": "Referred to LABOR AND INDUSTRY", "enacted": false, "passed_house": false, "passed_senate": false}', 92, 'HB839'),
	(7, 'House Bill 838 Printer''s Number 811', 'An Act amending Title 18 (Crimes and Offenses) of the Pennsylvania Consolidated Statutes, in theft and related offenses, further providing for the offense of financial exploitation of an older adult or care-dependent person and providing for the offense of financial exploitation of a family or household member and for civil causes of action in cases of financial exploitation; and imposing penalties....', '{"date": "2023-04-04 00:00:00", "last_action": "Referred to JUDICIARY", "enacted": false, "passed_house": false, "passed_senate": false}', 167, 'HB838'),
	(8, 'House Bill 837 Printer''s Number 810', 'An Act amending Title 58 (Oil and Gas) of the Pennsylvania Consolidated Statutes, in development, further providing for penalties.', '{"date": "2023-04-04 00:00:00", "last_action": "Referred to ENVIRONMENTAL RESOURCES AND ENERGY", "enacted": false, "passed_house": false, "passed_senate": false}', 167, 'HB837'),
	(9, 'House Bill 836 Printer''s Number 809', 'An Act amending the act of July 23, 1970 (P.L.563, No.195), known as the Public Employe Relations Act, in representation, providing for recertification....', '{"date": "2023-04-04 00:00:00", "last_action": "Referred to LABOR AND INDUSTRY", "enacted": false, "passed_house": false, "passed_senate": false}', 92, 'HB836'),
	(10, 'House Bill 835 Printer''s Number 808', 'An Act amending Title 23 (Domestic Relations) of the Pennsylvania Consolidated Statutes, in protection from abuse, further providing for definitions.', '{"date": "2023-04-04 00:00:00", "last_action": "Referred to JUDICIARY", "enacted": false, "passed_house": false, "passed_senate": false}', 167, 'HB835'),
	(11, 'House Bill 834 Printer''s Number 807', 'An Act amending the act of July 23, 1970 (P.L.563, No.195), known as the Public Employe Relations Act, in employee rights, providing for conditions of collective bargaining agreement; and, in scope of bargaining, further providing for maintenance of membership....', '{"date": "2023-04-04 00:00:00", "last_action": "Referred to LABOR AND INDUSTRY", "enacted": false, "passed_house": false, "passed_senate": false}', 92, 'HB834'),
	(12, 'House Bill 833 Printer''s Number 806', 'An Act amending the act of November 10, 1999 (P.L.491, No.45), known as the Pennsylvania Construction Code Act, in Uniform Construction Code, further providing for adoption by regulations....', '{"date": "2023-04-04 00:00:00", "last_action": "Referred to HOUSING AND COMMUNITY DEVELOPMENT", "enacted": false, "passed_house": false, "passed_senate": false}', 167, 'HB833'),
	(13, 'House Bill 832 Printer''s Number 805', 'An Act establishing the Pollinator Task Force and providing for its powers and duties; and imposing duties on the Department of Agriculture....', '{"date": "2023-04-04 00:00:00", "last_action": "Referred to AGRICULTURE AND RURAL AFFAIRS", "enacted": false, "passed_house": false, "passed_senate": false}', 200, 'HB832'),
	(14, 'House Bill 831 Printer''s Number 804', 'An Act amending Title 42 (Judiciary and Judicial Procedure) of the Pennsylvania Consolidated Statutes, in bonds and recognizances, providing for bail in illegal firearm offenses in city of the first class....', '{"date": "2023-04-04 00:00:00", "last_action": "Referred to JUDICIARY", "enacted": false, "passed_house": false, "passed_senate": false}', 179, 'HB831'),
	(15, 'House Bill 830 Printer''s Number 803', 'An Act amending the act of June 3, 1937 (P.L.1333, No.320), known as the Pennsylvania Election Code, in election districts and polling places, further providing for polling places to be selected by county board; and, in qualifications of electors, further providing for residence of electors....', '{"date": "2023-04-04 00:00:00", "last_action": "Referred to STATE GOVERNMENT", "enacted": false, "passed_house": false, "passed_senate": false}', 179, 'HB830'),
	(16, 'House Bill 829 Printer''s Number 802', 'An Act amending the act of April 12, 1951 (P.L.90, No.21), known as the Liquor Code, in licenses and regulations and liquor, alcohol and malt and brewed beverages, further providing for interlocking business prohibited and for unlawful acts relative to liquor, malt and brewed beverages and licensees....', '{"date": "2023-04-04 00:00:00", "last_action": "Referred to LIQUOR CONTROL", "enacted": false, "passed_house": false, "passed_senate": false}', 35, 'HB829'),
	(17, 'House Bill 600 Printer''s Number 801', 'An Act amending Title 23 (Domestic Relations) of the Pennsylvania Consolidated Statutes, in marriage ceremony, further providing for persons qualified to solemnize marriages....', '{"date": "2023-03-21 00:00:00", "last_action": "Referred to JUDICIARY", "enacted": false, "passed_house": false, "passed_senate": false}', 133, 'HB600'),
	(18, 'House Bill 599 Printer''s Number 800', 'An Act amending Title 51 (Military Affairs) of the Pennsylvania Consolidated Statutes, in educational gratuity program, further providing for eligibility and qualification requirements....', '{"date": "2023-03-21 00:00:00", "last_action": "Referred to VETERANS AFFAIRS AND EMERGENCY PREPAREDNESS", "enacted": false, "passed_house": false, "passed_senate": false}', 133, 'HB599'),
	(19, 'House Bill 598 Printer''s Number 799', 'An Act amending the act of June 27, 2006 (1st Sp.Sess., P.L.1873, No.1), known as the Taxpayer Relief Act, in taxation by school districts, further providing for public referendum requirements for increasing certain taxes....', '{"date": "2023-03-21 00:00:00", "last_action": "Referred to FINANCE", "enacted": false, "passed_house": false, "passed_senate": false}', 133, 'HB598'),
	(20, 'House Bill 597 Printer''s Number 798', 'An Act amending the act of July 28, 1988 (P.L.556, No.101), known as the Municipal Waste Planning, Recycling and Waste Reduction Act, in powers and duties, further providing for powers and duties of counties....', '{"date": "2023-03-21 00:00:00", "last_action": "Referred to ENVIRONMENTAL RESOURCES AND ENERGY", "enacted": false, "passed_house": false, "passed_senate": false}', 103, 'HB597'),
	(21, 'House Bill 596 Printer''s Number 797', 'An Act amending Title 18 (Crimes and Offenses) of the Pennsylvania Consolidated Statutes, in firearms and other dangerous articles, further providing for persons not to possess, use, manufacture, control, sell or transfer firearms and for sale or transfer of firearms and providing for Gun Violence Task Force in cities of the first class....', '{"date": "2023-03-21 00:00:00", "last_action": "Referred to JUDICIARY", "enacted": false, "passed_house": false, "passed_senate": false}', 160, 'HB596'),
	(22, 'House Bill 595 Printer''s Number 796', 'An Act amending Title 65 (Public Officers) of the Pennsylvania Consolidated Statutes, providing for legislators.', '{"date": "2023-03-21 00:00:00", "last_action": "Referred to STATE GOVERNMENT", "enacted": false, "passed_house": false, "passed_senate": false}', 157, 'HB595'),
	(23, 'House Bill 594 Printer''s Number 795', 'An Act amending Title 75 (Vehicles) of the Pennsylvania Consolidated Statutes, in miscellaneous provisions relating to operation of vehicles, further providing for the offense of depositing waste and other material on highway, property or waters....', '{"date": "2023-03-21 00:00:00", "last_action": "Referred to TRANSPORTATION", "enacted": false, "passed_house": false, "passed_senate": false}', 157, 'HB594'),
	(24, 'House Bill 593 Printer''s Number 794', 'An Act amending the act of March 10, 1949 (P.L.30, No.14), known as the Public School Code of 1949, providing for Child and Adult Care Food Program Supplement; and making an appropriation....', '{"date": "2023-03-21 00:00:00", "last_action": "Referred to EDUCATION", "enacted": false, "passed_house": false, "passed_senate": false}', 157, 'HB593'),
	(25, 'House Bill 592 Printer''s Number 793', 'An Act providing for food desert opportunity zones and for food desert opportunity zone tax credits; and imposing powers and duties on the Department of Community and Economic Development and the Department of Revenue....', '{"date": "2023-03-21 00:00:00", "last_action": "Referred to FINANCE", "enacted": false, "passed_house": false, "passed_senate": false}', 157, 'HB592'),
	(26, 'House Bill 591 Printer''s Number 792', 'An Act amending the act of May 3, 1933 (P.L.242, No.86), referred to as the Cosmetology Law, further providing for definitions, for practice without license prohibited, for eligibility requirements for examination, for limited licenses, for requirements of a school of cosmetology, for practice in licensed salons only, for booth rental prohibited, for fees, for duration and renewal of licenses and for penalties....', '{"date": "2023-03-21 00:00:00", "last_action": "Referred to PROFESSIONAL LICENSURE", "enacted": false, "passed_house": false, "passed_senate": false}', 92, 'HB591'),
	(27, 'House Bill 590 Printer''s Number 791', 'An Act amending the act of May 22, 1951 (P.L.317, No.69), known as The Professional Nursing Law, further providing for examinations and certificates; and abrogating regulations....', '{"date": "2023-03-21 00:00:00", "last_action": "Referred to PROFESSIONAL LICENSURE", "enacted": false, "passed_house": false, "passed_senate": false}', 92, 'HB590'),
	(28, 'House Bill 827 Printer''s Number 789', 'An Act amending the act of March 10, 1949 (P.L.30, No.14), known as the Public School Code of 1949, providing for Delayed Payment Plan Program; establishing the Delayed Payment Plan Program Fund; and imposing duties on the Pennsylvania Higher Education Assistance Agency....', '{"date": "2023-04-03 00:00:00", "last_action": "Referred to EDUCATION", "enacted": false, "passed_house": false, "passed_senate": false}', 121, 'HB827'),
	(29, 'House Bill 826 Printer''s Number 783', 'An Act amending Title 75 (Vehicles) of the Pennsylvania Consolidated Statutes, in registration of vehicles, providing for special plates for recipients of Borinqueneers Congressional Gold Medal....', '{"date": "2023-04-03 00:00:00", "last_action": "Referred to TRANSPORTATION", "enacted": false, "passed_house": false, "passed_senate": false}', 180, 'HB826'),
	(30, 'House Bill 825 Printer''s Number 782', 'An Act providing for lead screening and related services, for health insurance coverage for lead screening and related diagnostic services and supplies and for duties of the Department of Health....', '{"date": "2023-04-03 00:00:00", "last_action": "Referred to INSURANCE", "enacted": false, "passed_house": false, "passed_senate": false}', 180, 'HB825'),
	(31, 'House Bill 824 Printer''s Number 781', 'An Act amending Title 75 (Vehicles) of the Pennsylvania Consolidated Statutes, in other required equipment, further providing for general requirements for school buses....', '{"date": "2023-04-03 00:00:00", "last_action": "Referred to TRANSPORTATION", "enacted": false, "passed_house": false, "passed_senate": false}', 180, 'HB824'),
	(32, 'House Bill 823 Printer''s Number 780', 'An Act amending the act of March 10, 1949 (P.L.30, No.14), known as the Public School Code of 1949, in terms and courses of study, further providing for dates and times of school terms and sessions and commencement....', '{"date": "2023-04-03 00:00:00", "last_action": "Referred to EDUCATION", "enacted": false, "passed_house": false, "passed_senate": false}', 180, 'HB823'),
	(33, 'House Bill 822 Printer''s Number 779', 'An Act amending Title 75 (Vehicles) of the Pennsylvania Consolidated Statutes, in miscellaneous provisions relating to accidents and accident reports, further providing for immediate notice of accident to police department....', '{"date": "2023-04-03 00:00:00", "last_action": "Referred to TRANSPORTATION", "enacted": false, "passed_house": false, "passed_senate": false}', 180, 'HB822'),
	(34, 'House Bill 821 Printer''s Number 778', 'An Act amending Title 18 (Crimes and Offenses) of the Pennsylvania Consolidated Statutes, in firearms and other dangerous articles, further providing for sale or transfer of firearms and establishing the Pennsylvania Gun Buyback Program and the Pennsylvania Gun Buyback Program Fund....', '{"date": "2023-04-03 00:00:00", "last_action": "Referred to JUDICIARY", "enacted": false, "passed_house": false, "passed_senate": false}', 180, 'HB821'),
	(35, 'House Bill 820 Printer''s Number 777', 'An Act requiring child-care centers to install video camera surveillance systems; and conferring powers and duties on the Department of Human Services....', '{"date": "2023-04-03 00:00:00", "last_action": "Referred to HUMAN SERVICES", "enacted": false, "passed_house": false, "passed_senate": false}', 180, 'HB820'),
	(36, 'House Bill 819 Printer''s Number 776', 'An Act amending the act of June 13, 1967 (P.L.31, No.21), known as the Human Services Code, in departmental powers and duties as to licensing, further providing for definitions and providing for food allergy guidelines....', '{"date": "2023-04-03 00:00:00", "last_action": "Referred to HUMAN SERVICES", "enacted": false, "passed_house": false, "passed_senate": false}', 180, 'HB819'),
	(37, 'House Bill 818 Printer''s Number 775', 'An Act amending the act of April 9, 1929 (P.L.177, No.175), known as The Administrative Code of 1929, in powers and duties of the Department of State and its departmental administrative board, establishing the Pharmaceutical Collection Sites Educational Program; and making an appropriation....', '{"date": "2023-04-03 00:00:00", "last_action": "Referred to HEALTH", "enacted": false, "passed_house": false, "passed_senate": false}', 180, 'HB818'),
	(38, 'House Bill 817 Printer''s Number 774', 'An Act amending the act of September 27, 1961 (P.L.1700, No.699), known as the Pharmacy Act, further providing for State Board of Pharmacy....', '{"date": "2023-04-03 00:00:00", "last_action": "Referred to HEALTH", "enacted": false, "passed_house": false, "passed_senate": false}', 180, 'HB817'),
	(39, 'House Bill 816 Printer''s Number 773', 'An Act amending Title 75 (Vehicles) of the Pennsylvania Consolidated Statutes, in rules of the road in general, providing for removal of vehicles in a city of the first class....', '{"date": "2023-04-03 00:00:00", "last_action": "Referred to TRANSPORTATION", "enacted": false, "passed_house": false, "passed_senate": false}', 180, 'HB816'),
	(40, 'House Bill 815 Printer''s Number 772', 'An Act amending the act of June 3, 1937 (P.L.1333, No.320), known as the Pennsylvania Election Code, in primary and election expenses, further providing for reporting by candidate and political committees and other persons, for late contributions and independent expenditures, for oath of compliance, perjury, disqualification from office and commercial use, for residual funds and for place of filing, providing for manner of filing and for inability to file reports or statements electronically by deadline and further providing for late filing fee and certificate of filing, for additional powers and duties of the Secretary of the Commonwealth and for reports by business entities and publication by Secretary of the Commonwealth....', '{"date": "2023-04-03 00:00:00", "last_action": "Referred to STATE GOVERNMENT", "enacted": false, "passed_house": false, "passed_senate": false}', 149, 'HB815'),
	(41, 'House Bill 814 Printer''s Number 771', 'An Act amending the act of July 19, 1979 (P.L.130, No.48), known as the Health Care Facilities Act, in general provisions, repeals and effective date, providing for acute care mental health bed registry and referrals....', '{"date": "2023-04-03 00:00:00", "last_action": "Referred to HEALTH", "enacted": false, "passed_house": false, "passed_senate": false}', 42, 'HB814'),
	(42, 'House Bill 813 Printer''s Number 770', 'An Act amending the act of April 9, 1929 (P.L.177, No.175), known as The Administrative Code of 1929, authorizing the appointment of the Child Advocate; and establishing the Office of Child Advocate and the HEAL PA Coalition....', '{"date": "2023-04-03 00:00:00", "last_action": "Referred to CHILDREN AND YOUTH", "enacted": false, "passed_house": false, "passed_senate": false}', 158, 'HB813'),
	(43, 'House Bill 812 Printer''s Number 769', 'An Act providing for privacy, transparency and compensation regarding the disclosure of information collected by genetic material testing entities.', '{"date": "2023-04-03 00:00:00", "last_action": "Referred to CONSUMER PROTECTION TECHNOLOGY AND UTILITIES", "enacted": false, "passed_house": false, "passed_senate": false}', 20, 'HB812'),
	(44, 'House Bill 811 Printer''s Number 768', 'An Act amending Title 35 (Health and Safety) of the Pennsylvania Consolidated Statutes, in local organizations and services, further providing for general authority of political subdivisions....', '{"date": "2023-04-03 00:00:00", "last_action": "Referred to LOCAL GOVERNMENT", "enacted": false, "passed_house": false, "passed_senate": false}', 61, 'HB811'),
	(45, 'House Bill 809 Printer''s Number 767', 'An Act amending Title 75 (Vehicles) of the Pennsylvania Consolidated Statutes, in fees, further providing for exemption of persons, entities and vehicles from fees....', '{"date": "2023-04-03 00:00:00", "last_action": "Referred to TRANSPORTATION", "enacted": false, "passed_house": false, "passed_senate": false}', 61, 'HB809'),
	(46, 'House Bill 808 Printer''s Number 766', 'An Act amending the act of June 13, 1967 (P.L.31, No.21), known as the Human Services Code, in public assistance, further providing for the medically needy and determination of eligibility....', '{"date": "2023-04-03 00:00:00", "last_action": "Referred to HUMAN SERVICES", "enacted": false, "passed_house": false, "passed_senate": false}', 61, 'HB808'),
	(47, 'House Bill 807 Printer''s Number 765', 'An Act amending the act of April 9, 1929 (P.L.177, No.175), known as The Administrative Code of 1929, in powers and duties of the Department of Health and its departmental administrative and advisory boards, providing for perimenopause and menopause education....', '{"date": "2023-04-03 00:00:00", "last_action": "Referred to HEALTH", "enacted": false, "passed_house": false, "passed_senate": false}', 61, 'HB807'),
	(48, 'House Bill 806 Printer''s Number 764', 'An Act amending the act of June 3, 1937 (P.L.1333, No.320), known as the Pennsylvania Election Code, in preparation for and conduct of primaries and elections, further providing for assistance in voting....', '{"date": "2023-04-03 00:00:00", "last_action": "Referred to STATE GOVERNMENT", "enacted": false, "passed_house": false, "passed_senate": false}', 61, 'HB806'),
	(49, 'House Bill 805 Printer''s Number 763', 'An Act amending the act of November 24, 1976 (P.L.1176, No.261), known as the Manufactured Home Community Rights Act, providing for rent increases....', '{"date": "2023-04-03 00:00:00", "last_action": "Referred to HOUSING AND COMMUNITY DEVELOPMENT", "enacted": false, "passed_house": false, "passed_senate": false}', 61, 'HB805'),
	(50, 'House Bill 804 Printer''s Number 762', 'An Act amending the act of December 15, 1982 (P.L.1266, No.287), entitled "An act conferring limited residency status on military personnel, their dependents and civilian personnel assigned to an active duty station in Pennsylvania," further providing for residency of students....', '{"date": "2023-04-03 00:00:00", "last_action": "Referred to VETERANS AFFAIRS AND EMERGENCY PREPAREDNESS", "enacted": false, "passed_house": false, "passed_senate": false}', 72, 'HB804');

INSERT INTO revisions_bills (bill, revision) VALUES
    (1, 1),
    (2, 2),
    (3, 3),
    (4, 4),
    (5, 5),
    (6, 6),
    (7, 7),
    (8, 8),
    (9, 9),
    (10, 10),
    (11, 11),
    (12, 12),
    (13, 13),
    (14, 14),
    (15, 15),
    (16, 16),
    (17, 17),
    (18, 18),
    (19, 19),
    (20, 20),
    (21, 21),
    (22, 22),
    (23, 23),
    (24, 24),
    (25, 25),
    (26, 26),
    (27, 27),
    (28, 28),
    (29, 29),
    (30, 30),
    (31, 31),
    (32, 32),
    (33, 33),
    (34, 34),
    (35, 35),
    (36, 36),
    (37, 37),
    (38, 38),
    (39, 39),
    (40, 40),
    (41, 41),
    (42, 42),
    (43, 43),
    (44, 44),
    (45, 45),
    (46, 46),
    (47, 47),
    (48, 48),
    (49, 49),
    (50, 50);

INSERT INTO bills_sponsors (bill, sponsor) VALUES
	(1, 177),
	(1, 20),
	(1, 201),
	(1, 153),
	(1, 189),
	(1, 181),
	(1, 115),
	(1, 132),
	(1, 126),
	(1, 155),
	(1, 154),
	(1, 194),
	(1, 24),
	(2, 184),
	(2, 23),
	(2, 95),
	(2, 20),
	(2, 200),
	(2, 197),
	(2, 177),
	(2, 115),
	(2, 153),
	(2, 132),
	(2, 156),
	(2, 189),
	(2, 74),
	(2, 157),
	(2, 105),
	(2, 27),
	(2, 96),
	(2, 136),
	(2, 201),
	(2, 21),
	(2, 36),
	(2, 154),
	(2, 82),
	(2, 194),
	(2, 24),
	(3, 184),
	(3, 23),
	(3, 95),
	(3, 20),
	(3, 200),
	(3, 197),
	(3, 177),
	(3, 115),
	(3, 153),
	(3, 132),
	(3, 156),
	(3, 189),
	(3, 74),
	(3, 157),
	(3, 105),
	(3, 27),
	(3, 96),
	(3, 136),
	(3, 201),
	(3, 188),
	(3, 154),
	(3, 21),
	(3, 82),
	(3, 24),
	(4, 153),
	(4, 115),
	(4, 194),
	(4, 188),
	(5, 153),
	(5, 115),
	(5, 133),
	(5, 146),
	(5, 95),
	(5, 201),
	(5, 152),
	(5, 157),
	(6, 64),
	(6, 84),
	(6, 6),
	(6, 89),
	(6, 85),
	(6, 99),
	(6, 91),
	(6, 109),
	(7, 153),
	(7, 189),
	(7, 115),
	(7, 95),
	(7, 151),
	(7, 157),
	(7, 198),
	(8, 115),
	(8, 153),
	(8, 156),
	(8, 194),
	(8, 29),
	(8, 95),
	(8, 157),
	(9, 84),
	(9, 89),
	(9, 93),
	(9, 85),
	(9, 99),
	(9, 109),
	(10, 201),
	(10, 115),
	(10, 95),
	(10, 132),
	(10, 153),
	(10, 126),
	(10, 162),
	(10, 157),
	(11, 84),
	(11, 91),
	(11, 89),
	(11, 97),
	(11, 93),
	(11, 85),
	(11, 99),
	(11, 109),
	(11, 98),
	(12, 61),
	(12, 95),
	(12, 153),
	(12, 126),
	(13, 153),
	(13, 95),
	(13, 158),
	(13, 175),
	(13, 115),
	(13, 152),
	(13, 99),
	(13, 20),
	(13, 135),
	(13, 146),
	(13, 167),
	(14, 115),
	(14, 157),
	(14, 153),
	(14, 158),
	(14, 198),
	(15, 177),
	(15, 182),
	(15, 200),
	(15, 201),
	(15, 115),
	(15, 95),
	(15, 194),
	(15, 153),
	(15, 188),
	(15, 198),
	(16, 153),
	(16, 115),
	(16, 27),
	(16, 95),
	(16, 39),
	(17, 153),
	(17, 201),
	(17, 177),
	(17, 22),
	(17, 115),
	(17, 146),
	(17, 95),
	(17, 194),
	(17, 77),
	(17, 175),
	(17, 155),
	(17, 152),
	(17, 45),
	(17, 134),
	(17, 157),
	(18, 146),
	(18, 95),
	(18, 162),
	(18, 115),
	(18, 189),
	(18, 118),
	(18, 201),
	(18, 132),
	(18, 153),
	(18, 105),
	(18, 136),
	(19, 153),
	(19, 115),
	(19, 197),
	(19, 162),
	(19, 85),
	(19, 5),
	(19, 201),
	(19, 129),
	(19, 176),
	(20, 115),
	(20, 22),
	(20, 201),
	(20, 153),
	(20, 95),
	(20, 158),
	(20, 74),
	(20, 136),
	(20, 140),
	(21, 170),
	(21, 145),
	(21, 91),
	(21, 110),
	(21, 75),
	(21, 18),
	(21, 193),
	(21, 92),
	(21, 178),
	(21, 40),
	(21, 90),
	(21, 64),
	(21, 128),
	(22, 146),
	(22, 177),
	(22, 95),
	(22, 61),
	(22, 152),
	(22, 115),
	(22, 105),
	(22, 20),
	(22, 129),
	(22, 83),
	(22, 168),
	(22, 159),
	(23, 177),
	(23, 153),
	(23, 181),
	(23, 115),
	(23, 198),
	(23, 146),
	(23, 103),
	(23, 129),
	(23, 201),
	(23, 173),
	(23, 192),
	(23, 9),
	(23, 29),
	(23, 121),
	(23, 75),
	(23, 82),
	(24, 95),
	(24, 115),
	(24, 22),
	(24, 20),
	(24, 167),
	(24, 152),
	(24, 153),
	(24, 198),
	(24, 74),
	(24, 155),
	(24, 177),
	(24, 159),
	(24, 82),
	(25, 201),
	(25, 146),
	(25, 153),
	(25, 115),
	(25, 95),
	(25, 177),
	(25, 126),
	(25, 74),
	(25, 20),
	(25, 121),
	(25, 96),
	(25, 167),
	(25, 77),
	(25, 159),
	(25, 168),
	(25, 82),
	(26, 64),
	(26, 89),
	(26, 145),
	(26, 84),
	(26, 187),
	(26, 99),
	(26, 85),
	(26, 109),
	(27, 6),
	(27, 64),
	(27, 59),
	(27, 86),
	(27, 152),
	(27, 89),
	(27, 145),
	(27, 84),
	(27, 131),
	(27, 123),
	(27, 146),
	(27, 109),
	(27, 94),
	(27, 110),
	(27, 196),
	(27, 41),
	(27, 199),
	(27, 85),
	(27, 128),
	(27, 74),
	(27, 155),
	(29, 153),
	(29, 135),
	(29, 95),
	(29, 132),
	(29, 115),
	(29, 197),
	(29, 83),
	(29, 174),
	(29, 154),
	(29, 128),
	(30, 197),
	(30, 115),
	(30, 132),
	(30, 189),
	(30, 153),
	(30, 156),
	(30, 146),
	(30, 129),
	(30, 154),
	(30, 155),
	(30, 151),
	(31, 153),
	(31, 200),
	(31, 189),
	(31, 77),
	(31, 182),
	(31, 126),
	(31, 72),
	(31, 129),
	(32, 189),
	(32, 156),
	(32, 153),
	(32, 95),
	(32, 197),
	(32, 173),
	(32, 159),
	(33, 189),
	(33, 153),
	(33, 198),
	(34, 132),
	(34, 152),
	(34, 20),
	(34, 184),
	(34, 153),
	(34, 95),
	(34, 115),
	(34, 197),
	(34, 23),
	(34, 201),
	(34, 105),
	(34, 155),
	(34, 177),
	(34, 151),
	(35, 115),
	(35, 189),
	(35, 153),
	(35, 95),
	(35, 174),
	(35, 129),
	(35, 83),
	(36, 152),
	(36, 153),
	(36, 61),
	(36, 198),
	(36, 115),
	(36, 174),
	(36, 146),
	(36, 154),
	(37, 115),
	(37, 189),
	(37, 132),
	(37, 95),
	(37, 153),
	(37, 162),
	(37, 167),
	(37, 197),
	(37, 151),
	(38, 115),
	(38, 189),
	(38, 132),
	(38, 95),
	(38, 153),
	(38, 162),
	(38, 167),
	(38, 197),
	(38, 151),
	(39, 153),
	(39, 201),
	(39, 197),
	(39, 173),
	(39, 31),
	(39, 154),
	(39, 194),
	(39, 128),
	(39, 92),
	(40, 95),
	(40, 154),
	(40, 200),
	(40, 74),
	(40, 115),
	(40, 132),
	(40, 153),
	(40, 181),
	(40, 162),
	(40, 151),
	(40, 146),
	(40, 167),
	(40, 129),
	(40, 201),
	(40, 20),
	(40, 105),
	(41, 159),
	(41, 180),
	(41, 115),
	(41, 132),
	(41, 201),
	(41, 146),
	(41, 140),
	(41, 200),
	(41, 153),
	(41, 74),
	(41, 30),
	(41, 184),
	(41, 177),
	(41, 95),
	(41, 105),
	(41, 174),
	(41, 27),
	(41, 155),
	(41, 29),
	(41, 165),
	(42, 115),
	(42, 201),
	(42, 141),
	(42, 135),
	(42, 194),
	(42, 61),
	(42, 181),
	(42, 152),
	(42, 159),
	(42, 198),
	(42, 153),
	(42, 126),
	(42, 95),
	(42, 177),
	(42, 146),
	(42, 155),
	(42, 157),
	(42, 162),
	(42, 105),
	(42, 129),
	(42, 19),
	(42, 168),
	(43, 200),
	(43, 201),
	(43, 175),
	(43, 115),
	(43, 153),
	(43, 146),
	(43, 38),
	(43, 194),
	(43, 95),
	(43, 198),
	(43, 32),
	(43, 155),
	(43, 157),
	(43, 129),
	(43, 197),
	(43, 61),
	(43, 156),
	(43, 135),
	(44, 115),
	(44, 132),
	(44, 151),
	(44, 153),
	(44, 158),
	(44, 95),
	(44, 146),
	(44, 140),
	(44, 20),
	(44, 155),
	(45, 115),
	(45, 180),
	(45, 95),
	(45, 53),
	(45, 201),
	(45, 152),
	(45, 153),
	(45, 162),
	(45, 177),
	(45, 74),
	(45, 77),
	(45, 151),
	(46, 151),
	(46, 132),
	(46, 152),
	(46, 95),
	(46, 36),
	(46, 177),
	(46, 153),
	(46, 115),
	(46, 1),
	(46, 31),
	(46, 165),
	(46, 155),
	(46, 194),
	(46, 157),
	(46, 154),
	(47, 151),
	(47, 95),
	(47, 177),
	(47, 153),
	(47, 115),
	(47, 105),
	(47, 157),
	(48, 132),
	(48, 115),
	(48, 153),
	(48, 167),
	(48, 158),
	(48, 201),
	(48, 177),
	(48, 95),
	(48, 31),
	(48, 20),
	(48, 157),
	(48, 154),
	(48, 165),
	(49, 151),
	(49, 146),
	(49, 153),
	(49, 115),
	(49, 167),
	(49, 197),
	(49, 105),
	(49, 174),
	(49, 136),
	(49, 155),
	(49, 154),
	(49, 128),
	(50, 200),
	(50, 172),
	(50, 189),
	(50, 181),
	(50, 30),
	(50, 153),
	(50, 95),
	(50, 140),
	(50, 154),
	(50, 162),
	(50, 146),
	(50, 155),
	(50, 19),
	(50, 2),
	(50, 38),
	(50, 99),
	(50, 74),
	(50, 167),
	(50, 27),
	(50, 115),
	(50, 31),
	(50, 65),
	(50, 82),
	(50, 77),
	(50, 128);

INSERT INTO tags (text, slug) VALUES
	('Legislative Reform', 'legislative-reform'),
	('Public Policy', 'public-policy'),
	('Governance', 'governance'),
	('Social Justice', 'social-justice'),
	('Equality', 'equality'),
	('Human Rights', 'human-rights'),
	('Environmental Protection', 'environmental-protection'),
	('Consumer Protection', 'consumer-protection'),
	('Labor Rights', 'labor-rights'),
	('Healthcare Reform', 'healthcare-reform'),
	('Education Reform', 'education-reform');

INSERT INTO bills_tags (bill, tag) VALUES
	(1, 6),
	(1, 2),
	(2, 7),
	(2, 10),
	(3, 8),
	(4, 2),
	(5, 10),
	(5, 5),
	(6, 6),
	(7, 3),
	(7, 9),
	(8, 9),
	(8, 4),
	(9, 6),
	(10, 4),
	(10, 1),
	(11, 9),
	(11, 5),
	(12, 4),
	(13, 1),
	(14, 5),
	(14, 9),
	(15, 10),
	(15, 2),
	(16, 10),
	(17, 3),
	(17, 1),
	(18, 3),
	(19, 8),
	(19, 2),
	(20, 8),
	(20, 9),
	(21, 3),
	(21, 2),
	(22, 8),
	(22, 9),
	(23, 8),
	(23, 7),
	(24, 1),
	(25, 6),
	(25, 1),
	(26, 4),
	(27, 8),
	(27, 3),
	(28, 7),
	(28, 3),
	(29, 7),
	(29, 6),
	(30, 7),
	(30, 1),
	(31, 8),
	(31, 2),
	(32, 6),
	(32, 2),
	(33, 9),
	(33, 8),
	(34, 4),
	(35, 4),
	(36, 9),
	(37, 10),
	(38, 6),
	(38, 4),
	(39, 5),
	(40, 10),
	(40, 5),
	(41, 2),
	(42, 10),
	(43, 8),
	(44, 3),
	(44, 8),
	(45, 3),
	(46, 6),
	(46, 2),
	(47, 6),
	(48, 6),
	(48, 2),
	(49, 2),
	(49, 1),
	(50, 1);